1,Steve,Jobs,B506,Panupat,Chu,image/mailPicture/brownLetter.jpg,gates,2020,10,18,20,31,10,2,2020,10,24,3,11,52,21.0,29.7
2,Evets,Sboj,B503,Tapunap,Uhc,image/mailPicture/brownLetter.jpg,gates,2020,10,18,20,31,10,2,2020,10,24,3,11,48,21.0,29.7,Secret
3,Elon,Musk,B523,Panunap,Huc,image/mailPicture/brownLetter.jpg,gates,2019,10,18,20,31,10,cook,2020,10,18,20,31,11,21.0,29.7,10.1,Kerry,AT5310234
3,Elon,Musk,B623,Panunap,Huc,image/mailPicture/brownLetter.jpg,gates,2019,10,18,20,31,10,cook,2020,10,18,20,31,11,21.0,29.7,10.1,Kerry,AT5310234
3,Elon,Musk,B513,Panunap,Huc,image/mailPicture/brownLetter.jpg,gates,2019,10,18,20,31,10,2,2020,10,24,3,11,50,21.0,29.7,10.1,Kerry,AT5310234
2,a,a,A501,a,a,file:///C:/Users/Darkn/IdeaProjects/PackMan/image/mailPicture/2020-10-24_1603495179068.png,3,2020,10,24,6,20,8,3,2020,10,24,6,22,9,23.0,31.0,A
3,a,a,A401,e,c,file:///C:/Users/Darkn/IdeaProjects/PackMan/image/mailPicture/2020-10-24_1603495244636.JPG,3,2020,10,24,6,21,32,3,2020,10,24,6,22,8,1.0,2.0,2.0,a,a3
2,s,s,A100,3,3,file:///C:/Users/Darkn/IdeaProjects/PackMan/image/mailPicture/2020-10-24_1603527159792.png,3,2020,10,24,15,12,45,,1,1,1,1,1,1,3.0,3.0,1
2,s,s,A100,3,3,file:///C:/Users/Darkn/IdeaProjects/PackMan/image/mailPicture/2020-10-24_1603527159792.png,3,2020,10,24,15,12,45,,1,1,1,1,1,1,3.0,3.0,1
2,s,s,A100,3,3,file:///C:/Users/Darkn/IdeaProjects/PackMan/image/mailPicture/2020-10-24_1603527159792.png,3,2020,10,24,15,12,45,,1,1,1,1,1,1,3.0,3.0,1
2,s,s,A100,3,3,file:///C:/Users/Darkn/IdeaProjects/PackMan/image/mailPicture/2020-10-24_1603527159792.png,3,2020,10,24,15,12,45,,1,1,1,1,1,1,3.0,3.0,1
2,s,s,A100,3,3,file:///C:/Users/Darkn/IdeaProjects/PackMan/image/mailPicture/2020-10-24_1603527159792.png,3,2020,10,24,15,12,45,,1,1,1,1,1,1,3.0,3.0,1
2,s,s,A100,3,3,file:///C:/Users/Darkn/IdeaProjects/PackMan/image/mailPicture/2020-10-24_1603527159792.png,3,2020,10,24,15,12,45,,1,1,1,1,1,1,3.0,3.0,1
2,s,s,A100,3,3,file:///C:/Users/Darkn/IdeaProjects/PackMan/image/mailPicture/2020-10-24_1603527159792.png,3,2020,10,24,15,12,45,,1,1,1,1,1,1,3.0,3.0,1
2,s,s,A100,3,3,file:///C:/Users/Darkn/IdeaProjects/PackMan/image/mailPicture/2020-10-24_1603527159792.png,3,2020,10,24,15,12,45,,1,1,1,1,1,1,3.0,3.0,1
2,s,s,A100,3,3,file:///C:/Users/Darkn/IdeaProjects/PackMan/image/mailPicture/2020-10-24_1603527159792.png,3,2020,10,24,15,12,45,,1,1,1,1,1,1,3.0,3.0,1
2,s,s,A100,3,3,file:///C:/Users/Darkn/IdeaProjects/PackMan/image/mailPicture/2020-10-24_1603527159792.png,3,2020,10,24,15,12,45,,1,1,1,1,1,1,3.0,3.0,1
2,s,s,A100,3,3,file:///C:/Users/Darkn/IdeaProjects/PackMan/image/mailPicture/2020-10-24_1603527159792.png,3,2020,10,24,15,12,45,,1,1,1,1,1,1,3.0,3.0,1
2,s,s,A100,3,3,file:///C:/Users/Darkn/IdeaProjects/PackMan/image/mailPicture/2020-10-24_1603527159792.png,3,2020,10,24,15,12,45,,1,1,1,1,1,1,3.0,3.0,1
2,s,s,A100,3,3,file:///C:/Users/Darkn/IdeaProjects/PackMan/image/mailPicture/2020-10-24_1603527159792.png,3,2020,10,24,15,12,45,,1,1,1,1,1,1,3.0,3.0,1
2,s,s,A100,3,3,file:///C:/Users/Darkn/IdeaProjects/PackMan/image/mailPicture/2020-10-24_1603527159792.png,3,2020,10,24,15,12,45,,1,1,1,1,1,1,3.0,3.0,1
2,s,s,A100,3,3,file:///C:/Users/Darkn/IdeaProjects/PackMan/image/mailPicture/2020-10-24_1603527159792.png,3,2020,10,24,15,12,45,,1,1,1,1,1,1,3.0,3.0,1
2,s,s,A100,3,3,file:///C:/Users/Darkn/IdeaProjects/PackMan/image/mailPicture/2020-10-24_1603527159792.png,3,2020,10,24,15,12,45,,1,1,1,1,1,1,3.0,3.0,1
2,s,s,A100,3,3,file:///C:/Users/Darkn/IdeaProjects/PackMan/image/mailPicture/2020-10-24_1603527159792.png,3,2020,10,24,15,12,45,,1,1,1,1,1,1,3.0,3.0,1
2,s,s,A100,3,3,file:///C:/Users/Darkn/IdeaProjects/PackMan/image/mailPicture/2020-10-24_1603527159792.png,3,2020,10,24,15,12,45,,1,1,1,1,1,1,3.0,3.0,1
2,s,s,A100,3,3,file:///C:/Users/Darkn/IdeaProjects/PackMan/image/mailPicture/2020-10-24_1603527159792.png,3,2020,10,24,15,12,45,,1,1,1,1,1,1,3.0,3.0,1
2,s,s,A100,3,3,file:///C:/Users/Darkn/IdeaProjects/PackMan/image/mailPicture/2020-10-24_1603527159792.png,3,2020,10,24,15,12,45,,1,1,1,1,1,1,3.0,3.0,1
2,s,s,A100,3,3,file:///C:/Users/Darkn/IdeaProjects/PackMan/image/mailPicture/2020-10-24_1603527159792.png,3,2020,10,24,15,12,45,,1,1,1,1,1,1,3.0,3.0,1
2,s,s,A100,3,3,file:///C:/Users/Darkn/IdeaProjects/PackMan/image/mailPicture/2020-10-24_1603527159792.png,3,2020,10,24,15,12,45,,1,1,1,1,1,1,3.0,3.0,1
2,s,s,A100,3,3,file:///C:/Users/Darkn/IdeaProjects/PackMan/image/mailPicture/2020-10-24_1603527159792.png,3,2020,10,24,15,12,45,,1,1,1,1,1,1,3.0,3.0,1
2,s,s,A100,3,3,file:///C:/Users/Darkn/IdeaProjects/PackMan/image/mailPicture/2020-10-24_1603527159792.png,3,2020,10,24,15,12,45,,1,1,1,1,1,1,3.0,3.0,1
2,s,s,A100,3,3,file:///C:/Users/Darkn/IdeaProjects/PackMan/image/mailPicture/2020-10-24_1603527159792.png,3,2020,10,24,15,12,45,,1,1,1,1,1,1,3.0,3.0,1
2,s,s,A100,3,3,file:///C:/Users/Darkn/IdeaProjects/PackMan/image/mailPicture/2020-10-24_1603527159792.png,3,2020,10,24,15,12,45,,1,1,1,1,1,1,3.0,3.0,1
2,s,s,A100,3,3,file:///C:/Users/Darkn/IdeaProjects/PackMan/image/mailPicture/2020-10-24_1603527159792.png,3,2020,10,24,15,12,45,,1,1,1,1,1,1,3.0,3.0,1
2,s,s,A100,3,3,file:///C:/Users/Darkn/IdeaProjects/PackMan/image/mailPicture/2020-10-24_1603527159792.png,3,2020,10,24,15,12,45,,1,1,1,1,1,1,3.0,3.0,1
2,s,s,A100,3,3,file:///C:/Users/Darkn/IdeaProjects/PackMan/image/mailPicture/2020-10-24_1603527159792.png,3,2020,10,24,15,12,45,,1,1,1,1,1,1,3.0,3.0,1
2,s,s,A100,3,3,file:///C:/Users/Darkn/IdeaProjects/PackMan/image/mailPicture/2020-10-24_1603527159792.png,3,2020,10,24,15,12,45,,1,1,1,1,1,1,3.0,3.0,1
2,s,s,A100,3,3,file:///C:/Users/Darkn/IdeaProjects/PackMan/image/mailPicture/2020-10-24_1603527159792.png,3,2020,10,24,15,12,45,,1,1,1,1,1,1,3.0,3.0,1
2,s,s,A100,3,3,file:///C:/Users/Darkn/IdeaProjects/PackMan/image/mailPicture/2020-10-24_1603527159792.png,3,2020,10,24,15,12,45,,1,1,1,1,1,1,3.0,3.0,1
2,s,s,A100,3,3,file:///C:/Users/Darkn/IdeaProjects/PackMan/image/mailPicture/2020-10-24_1603527159792.png,3,2020,10,24,15,12,45,,1,1,1,1,1,1,3.0,3.0,1
2,s,s,A100,3,3,file:///C:/Users/Darkn/IdeaProjects/PackMan/image/mailPicture/2020-10-24_1603527159792.png,3,2020,10,24,15,12,45,,1,1,1,1,1,1,3.0,3.0,1
2,s,s,A100,3,3,file:///C:/Users/Darkn/IdeaProjects/PackMan/image/mailPicture/2020-10-24_1603527159792.png,3,2020,10,24,15,12,45,,1,1,1,1,1,1,3.0,3.0,1
2,s,s,A100,3,3,file:///C:/Users/Darkn/IdeaProjects/PackMan/image/mailPicture/2020-10-24_1603527159792.png,3,2020,10,24,15,12,45,,1,1,1,1,1,1,3.0,3.0,1
2,s,s,A100,3,3,file:///C:/Users/Darkn/IdeaProjects/PackMan/image/mailPicture/2020-10-24_1603527159792.png,3,2020,10,24,15,12,45,,1,1,1,1,1,1,3.0,3.0,1
2,s,s,A100,3,3,file:///C:/Users/Darkn/IdeaProjects/PackMan/image/mailPicture/2020-10-24_1603527159792.png,3,2020,10,24,15,12,45,,1,1,1,1,1,1,3.0,3.0,1
2,s,s,A100,3,3,file:///C:/Users/Darkn/IdeaProjects/PackMan/image/mailPicture/2020-10-24_1603527159792.png,3,2020,10,24,15,12,45,,1,1,1,1,1,1,3.0,3.0,1
2,s,s,A100,3,3,file:///C:/Users/Darkn/IdeaProjects/PackMan/image/mailPicture/2020-10-24_1603527159792.png,3,2020,10,24,15,12,45,,1,1,1,1,1,1,3.0,3.0,1
2,s,s,A100,3,3,file:///C:/Users/Darkn/IdeaProjects/PackMan/image/mailPicture/2020-10-24_1603527159792.png,3,2020,10,24,15,12,45,,1,1,1,1,1,1,3.0,3.0,1
2,s,s,A100,3,3,file:///C:/Users/Darkn/IdeaProjects/PackMan/image/mailPicture/2020-10-24_1603527159792.png,3,2020,10,24,15,12,45,,1,1,1,1,1,1,3.0,3.0,1
2,s,s,A100,3,3,file:///C:/Users/Darkn/IdeaProjects/PackMan/image/mailPicture/2020-10-24_1603527159792.png,3,2020,10,24,15,12,45,,1,1,1,1,1,1,3.0,3.0,1
2,s,s,A100,3,3,file:///C:/Users/Darkn/IdeaProjects/PackMan/image/mailPicture/2020-10-24_1603527159792.png,3,2020,10,24,15,12,45,,1,1,1,1,1,1,3.0,3.0,1
2,s,s,A100,3,3,file:///C:/Users/Darkn/IdeaProjects/PackMan/image/mailPicture/2020-10-24_1603527159792.png,3,2020,10,24,15,12,45,,1,1,1,1,1,1,3.0,3.0,1
2,s,s,A100,3,3,file:///C:/Users/Darkn/IdeaProjects/PackMan/image/mailPicture/2020-10-24_1603527159792.png,3,2020,10,24,15,12,45,,1,1,1,1,1,1,3.0,3.0,1
2,s,s,A100,3,3,file:///C:/Users/Darkn/IdeaProjects/PackMan/image/mailPicture/2020-10-24_1603527159792.png,3,2020,10,24,15,12,45,,1,1,1,1,1,1,3.0,3.0,1
2,s,s,A100,3,3,file:///C:/Users/Darkn/IdeaProjects/PackMan/image/mailPicture/2020-10-24_1603527159792.png,3,2020,10,24,15,12,45,,1,1,1,1,1,1,3.0,3.0,1
2,s,s,A100,3,3,file:///C:/Users/Darkn/IdeaProjects/PackMan/image/mailPicture/2020-10-24_1603527159792.png,3,2020,10,24,15,12,45,,1,1,1,1,1,1,3.0,3.0,1
2,s,s,A100,3,3,file:///C:/Users/Darkn/IdeaProjects/PackMan/image/mailPicture/2020-10-24_1603527159792.png,3,2020,10,24,15,12,45,,1,1,1,1,1,1,3.0,3.0,1
2,s,s,A100,3,3,file:///C:/Users/Darkn/IdeaProjects/PackMan/image/mailPicture/2020-10-24_1603527159792.png,3,2020,10,24,15,12,45,,1,1,1,1,1,1,3.0,3.0,1
2,s,s,A100,3,3,file:///C:/Users/Darkn/IdeaProjects/PackMan/image/mailPicture/2020-10-24_1603527159792.png,3,2020,10,24,15,12,45,,1,1,1,1,1,1,3.0,3.0,1
2,s,s,A100,3,3,file:///C:/Users/Darkn/IdeaProjects/PackMan/image/mailPicture/2020-10-24_1603527159792.png,3,2020,10,24,15,12,45,,1,1,1,1,1,1,3.0,3.0,1
2,s,s,A100,3,3,file:///C:/Users/Darkn/IdeaProjects/PackMan/image/mailPicture/2020-10-24_1603527159792.png,3,2020,10,24,15,12,45,,1,1,1,1,1,1,3.0,3.0,1
2,s,s,A100,3,3,file:///C:/Users/Darkn/IdeaProjects/PackMan/image/mailPicture/2020-10-24_1603527159792.png,3,2020,10,24,15,12,45,,1,1,1,1,1,1,3.0,3.0,1
2,s,s,A100,3,3,file:///C:/Users/Darkn/IdeaProjects/PackMan/image/mailPicture/2020-10-24_1603527159792.png,3,2020,10,24,15,12,45,,1,1,1,1,1,1,3.0,3.0,1
2,s,s,A100,3,3,file:///C:/Users/Darkn/IdeaProjects/PackMan/image/mailPicture/2020-10-24_1603527159792.png,3,2020,10,24,15,12,45,,1,1,1,1,1,1,3.0,3.0,1
2,s,s,A100,3,3,file:///C:/Users/Darkn/IdeaProjects/PackMan/image/mailPicture/2020-10-24_1603527159792.png,3,2020,10,24,15,12,45,,1,1,1,1,1,1,3.0,3.0,1
2,s,s,A100,3,3,file:///C:/Users/Darkn/IdeaProjects/PackMan/image/mailPicture/2020-10-24_1603527159792.png,3,2020,10,24,15,12,45,,1,1,1,1,1,1,3.0,3.0,1
2,s,s,A100,3,3,file:///C:/Users/Darkn/IdeaProjects/PackMan/image/mailPicture/2020-10-24_1603527159792.png,3,2020,10,24,15,12,45,,1,1,1,1,1,1,3.0,3.0,1
